web_scraper_order,web_scraper_start_url,Name,Title,Review,Star,Verified,Date
"1771222379-1","https://www.amazon.in/product-reviews/B09GH5H2N3/ref=cm_cr_dp_d_show_all_btm?ie=UTF8&reviewerType=all_reviews","karen","Great Meat substitute","Really loved the kit .  Easy to use and tastes great . India is really coming on well with companies that make vegan convenience food . I would say that you don't need as much oil than in the instructions though . But I Love this brand and products.  My meat eating husband also always enjoys these meals.","5.0 out of 5 stars","Verified Purchase","Reviewed in India on 4 January 2022"
"1771222379-2","https://www.amazon.in/product-reviews/B09GH5H2N3/ref=cm_cr_dp_d_show_all_btm?ie=UTF8&reviewerType=all_reviews","Rupali","Taste like soya only","Saw many reviews of YouTube and decided to give it a try to this unmutton keema, thought of it to be a little overpriced for the quantity. Easy to make. But the taste is just like having shredded soya chunks in a masala. Of course its made out of soya but the advertisements and the reviews i saw I thought it might not taste like soya, but it does. Being a hard core non vegetarian i was disappointed. Maybe i was expecting too much hehe.","1.0 out of 5 stars","Verified Purchase","Reviewed in India on 3 June 2022"
"1771222379-3","https://www.amazon.in/product-reviews/B09GH5H2N3/ref=cm_cr_dp_d_show_all_btm?ie=UTF8&reviewerType=all_reviews","Technocrat","This keema is tasty and so convenient.","We loved this product to bits (pun intended)! I have enjoyed HoodDot products in the past and had high expectations. It didn’t disappoint. Has the richness of flavour and the bites texture that is eerily similar to a real good keema. I made it twice, and the second time at a potluck, my non-veg friends ate it without any mention other than it being tasty. They couldn’t believe when I told them this was vegan! Way to go guys.","4.0 out of 5 stars","Verified Purchase","Reviewed in India on 14 January 2022"
"1771222379-4","https://www.amazon.in/product-reviews/B09GH5H2N3/ref=cm_cr_dp_d_show_all_btm?ie=UTF8&reviewerType=all_reviews","Leona","The flavours are melting on my tongue!","Tastes veryyyyy similar to meat but no cruelty involved!","5.0 out of 5 stars","Verified Purchase","Reviewed in India on 6 March 2022"
"1771222379-5","https://www.amazon.in/product-reviews/B09GH5H2N3/ref=cm_cr_dp_d_show_all_btm?ie=UTF8&reviewerType=all_reviews","Amarnath Banerjee","Too Many Spices !","The spices included with the pack must cost more than the plant-based keema !
Has the texture of mutton keema, but too rich in flavours, even if we use less than half of the mixed spices provided.","3.0 out of 5 stars","Verified Purchase","Reviewed in India on 4 June 2022"
"1771222379-6","https://www.amazon.in/product-reviews/B09GH5H2N3/ref=cm_cr_dp_d_show_all_btm?ie=UTF8&reviewerType=all_reviews","Amazon Customer","Soyabean scam","This is just soyabean same as other soyabean company. So this company selling soyabean in the name of mutton and chicken? Company thinks, we all indian customers are super fool and its easy to make us fool.
Company should have some shame for selling these lies in the name of artificial meat or vegan meat, why don't you guys just say it's a soyabean keema ?
Any explanation, on why the company Gooddot not saying this a soyabean?? We indians know and highly familiar with soyabean, so when you selling the soyabeans as a new name called vegan meat , then don't you think you guys (company) making fool of us ?
Never ever ever in life will buy any product named good dot.
Rename the company name from
GoodDot --> GoodLies","2.0 out of 5 stars","Verified Purchase","Reviewed in India on 8 July 2022"
"1771222379-7","https://www.amazon.in/product-reviews/B09GH5H2N3/ref=cm_cr_dp_d_show_all_btm?ie=UTF8&reviewerType=all_reviews","Samayra","Good product.","Really good texture and excellent quality, value for money. Go for it.","5.0 out of 5 stars","Verified Purchase","Reviewed in India on 30 August 2024"
"1771222379-8","https://www.amazon.in/product-reviews/B09GH5H2N3/ref=cm_cr_dp_d_show_all_btm?ie=UTF8&reviewerType=all_reviews","Sahil","Worst product ever","The product came in a good box with all the ingredients and instruction but the masala packet inside had a black sauce which smelt and looked burnt. I anyways went ahead and cooked as per the instruction and the final product tasted awful. It was soo burnt in taste that we had to throw the entire thing. I have had soo many plant based products but this is by far the worst one.
PLEASE DONT GO ON TRYING THIS PRODUCT.
THE COMPANY SHOULD DO SOMETHING ABOUT IT.","1.0 out of 5 stars","Verified Purchase","Reviewed in India on 7 April 2022"
"1771222379-9","https://www.amazon.in/product-reviews/B09GH5H2N3/ref=cm_cr_dp_d_show_all_btm?ie=UTF8&reviewerType=all_reviews","Sakshi Sahwal","yumm","","4.0 out of 5 stars","Verified Purchase","Reviewed in India on 8 June 2022"
"1771222379-10","https://www.amazon.in/product-reviews/B09GH5H2N3/ref=cm_cr_dp_d_show_all_btm?ie=UTF8&reviewerType=all_reviews","Vicky","I liked it","Damn I liked it!! It's quite tasty. One star less cause I've been commenting good dot to not make a bulk ""teekha"" masala! Please provide a separate chilli pack. So all can add according to taste. I prefer workout the chilli or without the hotness!! But overall I liked it","4.0 out of 5 stars","Verified Purchase","Reviewed in India on 28 January 2023"
"1771222379-11","https://www.amazon.in/product-reviews/B09GH5H2N3/ref=cm_cr_dp_d_show_all_btm?ie=UTF8&reviewerType=all_reviews","Tejas. N. Suvarna","Don't use too much oil","I used a lot of oil and spoiled the taste.

I am not sure how it would've tasted but just don't use a lot of oil.","3.0 out of 5 stars","Verified Purchase","Reviewed in India on 30 September 2022"
"1771222379-12","https://www.amazon.in/product-reviews/B09GH5H2N3/ref=cm_cr_dp_d_show_all_btm?ie=UTF8&reviewerType=all_reviews","Sanjukta Ghosh","Average","I don't like the taste or flavor so much...because I avoid star anise..and it has more star anise flavor than the other","3.0 out of 5 stars","Verified Purchase","Reviewed in India on 1 January 2023"
"1771222379-13","https://www.amazon.in/product-reviews/B09GH5H2N3/ref=cm_cr_dp_d_show_all_btm?ie=UTF8&reviewerType=all_reviews","deepu meyna","You ll definitely love it when it's hot 🔥","You will like it, but it tastes good when it's hot and don't add oil like they said in the recipe that was given on the outer carton..otherwise it's worth it. They came with spices and measuring Jar it's serves 4 people, tastes much better with roti","4.0 out of 5 stars","Verified Purchase","Reviewed in India on 20 February 2022"
"1771222379-14","https://www.amazon.in/product-reviews/B09GH5H2N3/ref=cm_cr_dp_d_show_all_btm?ie=UTF8&reviewerType=all_reviews","Neepa","Not like keema","The taste is good but nothing like actual keema. It has a very obvious soyabean flavour so it kinda defeats the whole purpose of this product.","3.0 out of 5 stars","Verified Purchase","Reviewed in India on 18 February 2022"
"1771222379-15","https://www.amazon.in/product-reviews/B09GH5H2N3/ref=cm_cr_dp_d_show_all_btm?ie=UTF8&reviewerType=all_reviews","c  d s","Fantastic taste - could never have imagined","Was a little apprehensive as out experiments with plant-based meats were not great.

But this one blew our minds! The aroma filled the house - and the taste was spot-on.

It's something that we've gotten used to and a couple of times a month we end up having this. With Pav, with parathas, even with rice.","5.0 out of 5 stars","Verified Purchase","Reviewed in India on 25 May 2022"
"1771222379-16","https://www.amazon.in/product-reviews/B09GH5H2N3/ref=cm_cr_dp_d_show_all_btm?ie=UTF8&reviewerType=all_reviews","Kindle Customer","Soya Granules with keema masala","Soya granules with keema masala ...","3.0 out of 5 stars","Verified Purchase","Reviewed in India on 7 July 2022"
"1771222379-17","https://www.amazon.in/product-reviews/B09GH5H2N3/ref=cm_cr_dp_d_show_all_btm?ie=UTF8&reviewerType=all_reviews","ankur bhargava","Dint liked it","Better to eat fresh home cook food instead of these kinds of things

If you really want quit non veg just quit it don't run after similar taste packed food

Personal opinion

Tried it felt it's disgusting","2.0 out of 5 stars","Verified Purchase","Reviewed in India on 2 March 2022"
"1771222379-18","https://www.amazon.in/product-reviews/B09GH5H2N3/ref=cm_cr_dp_d_show_all_btm?ie=UTF8&reviewerType=all_reviews","Siliguri Man","Worst quality vegthing ever","It's a worst kind product purchase result we have ever experienced. All are made of soya and the fusion of hard soya flavour with core mutton spices has made a freaking food experience. Personally I am scared even with the name GoodDot. My goodness, how could they ever make such a puking food!!! Did they have any tasters before releasing in the market?? I hope if they had, that person is still there in ICU.","1.0 out of 5 stars","Verified Purchase","Reviewed in India on 13 June 2022"
"1771222379-19","https://www.amazon.in/product-reviews/B09GH5H2N3/ref=cm_cr_dp_d_show_all_btm?ie=UTF8&reviewerType=all_reviews","Sandhya","Better than mutton keema!","This keema is plant-based, but several of my friends found it indistinguishable or even better than mutton keema! Of course, the simplicity and convenience makes it a breeze - you WILL feel like a Chef 😀. I have been recommending this to all my friends and relatives, and many have become fans :)","5.0 out of 5 stars","Verified Purchase","Reviewed in India on 23 March 2022"
"1771222379-20","https://www.amazon.in/product-reviews/B09GH5H2N3/ref=cm_cr_dp_d_show_all_btm?ie=UTF8&reviewerType=all_reviews","Nikhil Gundawar","Not at all worth it","To be honest, I looked at the reviews and was impressed.
Cooked it and was impressed by the Color and the texture.

But you will only enjoy first 2bites and post that it becomes little nauseating and oil is too intense.
Also, made all of us feel sick for next 48hours after having this.

Try it but unsure of the after effects. At your own risk sorta product. A good gimmick though.","1.0 out of 5 stars","Verified Purchase","Reviewed in India on 1 March 2022"
"1771222379-21","https://www.amazon.in/product-reviews/B09GH5H2N3/ref=cm_cr_dp_d_show_all_btm?ie=UTF8&reviewerType=all_reviews","Krishna patil","Amazing vegan meat ever","This keema kit is truly amazing! I cooked this and even made a review video on my Youtube channel-FoodAttacQ . It tastes exactly like resturant and Irani cafe keema . You will definitely eat this again if you taste it once !","5.0 out of 5 stars","Verified Purchase","Reviewed in India on 12 August 2022"
"1771222379-22","https://www.amazon.in/product-reviews/B09GH5H2N3/ref=cm_cr_dp_d_show_all_btm?ie=UTF8&reviewerType=all_reviews","A.Qaiser","Meh","Not gonna buy again.","2.0 out of 5 stars","Verified Purchase","Reviewed in India on 27 July 2023"
"1771222379-23","https://www.amazon.in/product-reviews/B09GH5H2N3/ref=cm_cr_dp_d_show_all_btm?ie=UTF8&reviewerType=all_reviews","Komal","Stomach ache","It smells the same tastes the same. But we all got stomach ache. So wouldn't recommend","2.0 out of 5 stars","Verified Purchase","Reviewed in India on 31 July 2022"
"1771222379-24","https://www.amazon.in/product-reviews/B09GH5H2N3/ref=cm_cr_dp_d_show_all_btm?ie=UTF8&reviewerType=all_reviews","Manukansal","Just one bowl of 150 grms contains 800 calories","Don't go for it trust me..you will distroy your one days whole diet plan ...just one bowl(150grm) of this keema will take almost 800 calories of your diet in just one bowl...it's a gimik or marketing strategy they are calling it a healthy food...its biggest ever flop food I have ever tasted...spitting on it..","1.0 out of 5 stars","Verified Purchase","Reviewed in India on 4 July 2022"
"1771222379-25","https://www.amazon.in/product-reviews/B09GH5H2N3/ref=cm_cr_dp_d_show_all_btm?ie=UTF8&reviewerType=all_reviews","Div","Amazing texture and great flavour","We recently tried Gooddot Keema and it was amazing. The texture is exactly like mutton keema and tastes best with malabar paratha. It was very easy to cook as it came with readymade spices mix. Love it! Must try!","5.0 out of 5 stars","Verified Purchase","Reviewed in India on 25 November 2021"
"1771222379-26","https://www.amazon.in/product-reviews/B09GH5H2N3/ref=cm_cr_dp_d_show_all_btm?ie=UTF8&reviewerType=all_reviews","Placeholder","Yummy","This has to be the best flavour I’ve ever tasted with soya granules and it’s so easy to make ! Ordered again 👍🏼","5.0 out of 5 stars","Verified Purchase","Reviewed in India on 15 September 2022"
"1771222379-27","https://www.amazon.in/product-reviews/B09GH5H2N3/ref=cm_cr_dp_d_show_all_btm?ie=UTF8&reviewerType=all_reviews","Shalya","The masala provided is the key.","It comes with a packet of masala and special spices along with a small measuring cup of 50 ml. Tastes almost like keema dish.","5.0 out of 5 stars","Verified Purchase","Reviewed in India on 30 May 2022"
"1771222379-28","https://www.amazon.in/product-reviews/B09GH5H2N3/ref=cm_cr_dp_d_show_all_btm?ie=UTF8&reviewerType=all_reviews","Somya khan","Good kit","Barry verry nice quality","4.0 out of 5 stars","Verified Purchase","Reviewed in India on 23 March 2022"
"1771222379-29","https://www.amazon.in/product-reviews/B09GH5H2N3/ref=cm_cr_dp_d_show_all_btm?ie=UTF8&reviewerType=all_reviews","Abhijeet Dutta","Way too spicy","Felt like soya chunks and very very spicy","2.0 out of 5 stars","Verified Purchase","Reviewed in India on 20 June 2022"
"1771222379-30","https://www.amazon.in/product-reviews/B09GH5H2N3/ref=cm_cr_dp_d_show_all_btm?ie=UTF8&reviewerType=all_reviews","Amazon Customer","Not worth it","Expensive product and moreover taste is also ok Ok....","2.0 out of 5 stars","Verified Purchase","Reviewed in India on 10 May 2022"
"1771222379-31","https://www.amazon.in/product-reviews/B09GH5H2N3/ref=cm_cr_dp_d_show_all_btm?ie=UTF8&reviewerType=all_reviews","Nagendra J.","Very good alternative","Tastes very similar to non-veg keema and it's very healthy too. People who want to go for no cruelty food should try it.","5.0 out of 5 stars","Verified Purchase","Reviewed in India on 30 May 2022"
"1771222379-32","https://www.amazon.in/product-reviews/B09GH5H2N3/ref=cm_cr_dp_d_show_all_btm?ie=UTF8&reviewerType=all_reviews","kanishka","Not what expected after watching add...","Nothing near ....mutton keema taste. Soya granuels keema with a normal brown gravy taste. Very costly for soya granuels in brown gravy.
Contains types of gluten added.
2Out of 10 ..
And very high aromatic gravy ( more stronger aroma then needed)","1.0 out of 5 stars","Verified Purchase","Reviewed in India on 15 April 2022"
"1771222379-33","https://www.amazon.in/product-reviews/B09GH5H2N3/ref=cm_cr_dp_d_show_all_btm?ie=UTF8&reviewerType=all_reviews","Sankhyadeep Dutta","Awesome product","This is simply awesome.
After an ages I got something so delicious.
It tastes like real mutton.
Waiting for little more discount for regular use.","5.0 out of 5 stars","Verified Purchase","Reviewed in India on 5 February 2022"
"1771222379-34","https://www.amazon.in/product-reviews/B09GH5H2N3/ref=cm_cr_dp_d_show_all_btm?ie=UTF8&reviewerType=all_reviews","Rakesh","Woody flavour","Cannot be a replacement for Kheema....","2.0 out of 5 stars","Verified Purchase","Reviewed in India on 16 May 2022"
"1771222379-35","https://www.amazon.in/product-reviews/B09GH5H2N3/ref=cm_cr_dp_d_show_all_btm?ie=UTF8&reviewerType=all_reviews","Kumar Utsav","It’s a vegan delight","Tastes like mutton, looks like mutton, smells like mutton but isn’t mutton!
Can’t get a better deal anywhere else.
It’s a must buy guys","5.0 out of 5 stars","Verified Purchase","Reviewed in India on 1 December 2021"
"1771222379-36","https://www.amazon.in/product-reviews/B09GH5H2N3/ref=cm_cr_dp_d_show_all_btm?ie=UTF8&reviewerType=all_reviews","Manoj.","Excellent experience","Full of flavour and really delicious. Product seems to have been made with a lot of thought and care. Very satisfying to consume.","5.0 out of 5 stars","Verified Purchase","Reviewed in India on 30 November 2021"
"1771222379-37","https://www.amazon.in/product-reviews/B09GH5H2N3/ref=cm_cr_dp_d_show_all_btm?ie=UTF8&reviewerType=all_reviews","Sandip malvi","Real keema","Pretty close to real keema. The dish tastes meaty and seamlessly stands in for your favorite street-style keema pav","5.0 out of 5 stars","Verified Purchase","Reviewed in India on 6 April 2022"
"1771222379-38","https://www.amazon.in/product-reviews/B09GH5H2N3/ref=cm_cr_dp_d_show_all_btm?ie=UTF8&reviewerType=all_reviews","Prateek","Worst product , Very dissatisfied 👎","They are fooling people in the name of keema . One of the worst keema I've ever tried , Don't try this if you are non-vegetarian , surely you'll regret this product👎","1.0 out of 5 stars","Verified Purchase","Reviewed in India on 4 August 2022"
"1771222379-39","https://www.amazon.in/product-reviews/B09GH5H2N3/ref=cm_cr_dp_d_show_all_btm?ie=UTF8&reviewerType=all_reviews","S S M","Didn't expected much . But it's really worth .","Taste superb and everything is perfect . Thanks for making such a great taste product.","5.0 out of 5 stars","Verified Purchase","Reviewed in India on 11 April 2022"
"1771222379-40","https://www.amazon.in/product-reviews/B09GH5H2N3/ref=cm_cr_dp_d_show_all_btm?ie=UTF8&reviewerType=all_reviews","Mainak Ghosh","Waste of money","If you are non-vegan buy Mutton. If you are vegan eat vegetables.. Don't waste your money buying this.. It doesn't taste like mutton.. Not at least 1%.","1.0 out of 5 stars","Verified Purchase","Reviewed in India on 3 August 2022"
"1771222379-41","https://www.amazon.in/product-reviews/B09GH5H2N3/ref=cm_cr_dp_d_show_all_btm?ie=UTF8&reviewerType=all_reviews","Placeholder","Useless product","I didn't like the taste of this useless product..this is normal soya grenules that is hardly available in market at 20-30 rupees.. totally waste of money","1.0 out of 5 stars","Verified Purchase","Reviewed in India on 4 September 2022"
"1771222379-42","https://www.amazon.in/product-reviews/B09GH5H2N3/ref=cm_cr_dp_d_show_all_btm?ie=UTF8&reviewerType=all_reviews","Nikhil","Amazing product","Amazing taste and a wonderful alternative food. Perfect solution for the keema cravings","5.0 out of 5 stars","Verified Purchase","Reviewed in India on 22 June 2022"
"1771222379-43","https://www.amazon.in/product-reviews/B09GH5H2N3/ref=cm_cr_dp_d_show_all_btm?ie=UTF8&reviewerType=all_reviews","Honey Gupta","Plant based meat","Awesome taste really great start.no one can differentiate between real meat and this plant based meat.","5.0 out of 5 stars","Verified Purchase","Reviewed in India on 23 January 2022"
"1771222379-44","https://www.amazon.in/product-reviews/B09GH5H2N3/ref=cm_cr_dp_d_show_all_btm?ie=UTF8&reviewerType=all_reviews","Himanshu","Not worth","It taste just like soyabean. Nothing special about this product. You can buy any soyabean chunks and use meat masala, believe me it will taste better than this product.","1.0 out of 5 stars","Verified Purchase","Reviewed in India on 18 March 2022"
"1771222379-45","https://www.amazon.in/product-reviews/B09GH5H2N3/ref=cm_cr_dp_d_show_all_btm?ie=UTF8&reviewerType=all_reviews","Anjali Judh","Most waste products health khrb krta h stomach infection kr diya plz don't buy","Bekar flavour or bhut hi useless h yeh waste of money hum log social media pe dekh k mangvate h ki acha hoga but bhut bura seriously","1.0 out of 5 stars","Verified Purchase","Reviewed in India on 18 May 2022"
"1771222379-46","https://www.amazon.in/product-reviews/B09GH5H2N3/ref=cm_cr_dp_d_show_all_btm?ie=UTF8&reviewerType=all_reviews","Placeholder","Tastes as promised","Tastes almost like keemat meat. Good product. A lower price is preferred.","5.0 out of 5 stars","Verified Purchase","Reviewed in India on 5 June 2022"
"1771222379-47","https://www.amazon.in/product-reviews/B09GH5H2N3/ref=cm_cr_dp_d_show_all_btm?ie=UTF8&reviewerType=all_reviews","Kausalya K","Tastes like real mutton keema.","I added onions and some cashews to enhance the flavours.","5.0 out of 5 stars","Verified Purchase","Reviewed in India on 21 August 2022"
"1771222379-48","https://www.amazon.in/product-reviews/B09GH5H2N3/ref=cm_cr_dp_d_show_all_btm?ie=UTF8&reviewerType=all_reviews","Sai Mahith Chigurupati","Waste of money","I recently turned vegan so tried this.
Forget about Non vegetarian foods. This doesn't even felt like i am eating some food and smells disgusting","1.0 out of 5 stars","Verified Purchase","Reviewed in India on 17 June 2022"
"1771222379-49","https://www.amazon.in/product-reviews/B09GH5H2N3/ref=cm_cr_dp_d_show_all_btm?ie=UTF8&reviewerType=all_reviews","Sneha","Gimmick product","I got sick next day after having this.
Don't go for all these gimmick items
Instead get soya granules and cook them with mutton masala","1.0 out of 5 stars","Verified Purchase","Reviewed in India on 22 April 2022"
"1771222379-50","https://www.amazon.in/product-reviews/B09GH5H2N3/ref=cm_cr_dp_d_show_all_btm?ie=UTF8&reviewerType=all_reviews","KC","Good taste 👌","Good taste 👌 above expectations","5.0 out of 5 stars","Verified Purchase","Reviewed in India on 20 November 2022"
"1771222379-51","https://www.amazon.in/product-reviews/B09GH5H2N3/ref=cm_cr_dp_d_show_all_btm?ie=UTF8&reviewerType=all_reviews","Gaura C.","Amazing taste!","Tastes exactly like Keema! Couldn’t believe it.
A must try!","5.0 out of 5 stars","Verified Purchase","Reviewed in India on 29 January 2022"
"1771222379-52","https://www.amazon.in/product-reviews/B09GH5H2N3/ref=cm_cr_dp_d_show_all_btm?ie=UTF8&reviewerType=all_reviews","parijat pal","Absolutely love the Keema!","Perfect bend of spices and flavour.","5.0 out of 5 stars","Verified Purchase","Reviewed in India on 11 June 2022"
"1771222379-53","https://www.amazon.in/product-reviews/B09GH5H2N3/ref=cm_cr_dp_d_show_all_btm?ie=UTF8&reviewerType=all_reviews","Vishal C","Ekdum zhakaaaassss","Surprise with taste. Good product","5.0 out of 5 stars","Verified Purchase","Reviewed in India on 13 July 2022"
"1771222379-54","https://www.amazon.in/product-reviews/B09GH5H2N3/ref=cm_cr_dp_d_show_all_btm?ie=UTF8&reviewerType=all_reviews","Shri","Yummy","Texture and taste very good. Loved it","5.0 out of 5 stars","Verified Purchase","Reviewed in India on 10 April 2022"
"1771222379-55","https://www.amazon.in/product-reviews/B09GH5H2N3/ref=cm_cr_dp_d_show_all_btm?ie=UTF8&reviewerType=all_reviews","harshad dantale","couldnt believe that this is vegan","Its a perfect profuct. just buy it. highly recomended","5.0 out of 5 stars","Verified Purchase","Reviewed in India on 7 January 2022"
"1771222379-56","https://www.amazon.in/product-reviews/B09GH5H2N3/ref=cm_cr_dp_d_show_all_btm?ie=UTF8&reviewerType=all_reviews","Darshan Mohanty","It's mutton","Smells and tastes like mutton.","5.0 out of 5 stars","Verified Purchase","Reviewed in India on 24 May 2022"
"1771222379-57","https://www.amazon.in/product-reviews/B09GH5H2N3/ref=cm_cr_dp_d_show_all_btm?ie=UTF8&reviewerType=all_reviews","kavya purohit","Authentic test","Good packaging and Good quality","5.0 out of 5 stars","Verified Purchase","Reviewed in India on 21 March 2022"
"1771222379-58","https://www.amazon.in/product-reviews/B09GH5H2N3/ref=cm_cr_dp_d_show_all_btm?ie=UTF8&reviewerType=all_reviews","Amazon Customer","Great taste","Great taste if cooked well.","5.0 out of 5 stars","Verified Purchase","Reviewed in India on 6 March 2022"
"1771222379-59","https://www.amazon.in/product-reviews/B09GH5H2N3/ref=cm_cr_dp_d_show_all_btm?ie=UTF8&reviewerType=all_reviews","ch.madhu","Not good","Taste is not good. Iam a non-vegetarian and the flavour,taste and scent are not uptight mark.","1.0 out of 5 stars","Verified Purchase","Reviewed in India on 5 August 2022"
"1771222379-60","https://www.amazon.in/product-reviews/B09GH5H2N3/ref=cm_cr_dp_d_show_all_btm?ie=UTF8&reviewerType=all_reviews","Placeholder","Good taste","Nice product","5.0 out of 5 stars","Verified Purchase","Reviewed in India on 24 May 2022"
"1771222379-61","https://www.amazon.in/product-reviews/B09GH5H2N3/ref=cm_cr_dp_d_show_all_btm?ie=UTF8&reviewerType=all_reviews","Mahesh","Great Sunday Breakfast","Great flavour","5.0 out of 5 stars","Verified Purchase","Reviewed in India on 4 June 2022"
"1771222379-62","https://www.amazon.in/product-reviews/B09GH5H2N3/ref=cm_cr_dp_d_show_all_btm?ie=UTF8&reviewerType=all_reviews","Arun","Tastes bad","Odour from this item is irritating; taste not at all close to what kheema tastes like. Disappointed with this purchase.","1.0 out of 5 stars","Verified Purchase","Reviewed in India on 8 January 2022"
"1771222379-63","https://www.amazon.in/product-reviews/B09GH5H2N3/ref=cm_cr_dp_d_show_all_btm?ie=UTF8&reviewerType=all_reviews","Dinesh","Disappointed","I read reviews and ignored the bad one's. Waste of money. Insted buy ₹10 nutrela chunks taste better.","1.0 out of 5 stars","Verified Purchase","Reviewed in India on 18 February 2022"
"1771222379-64","https://www.amazon.in/product-reviews/B09GH5H2N3/ref=cm_cr_dp_d_show_all_btm?ie=UTF8&reviewerType=all_reviews","Anshika kumari","I can't prefer this","This is very poor qualiylty.when I eat then I vomate . I can't efford this scent","1.0 out of 5 stars","Verified Purchase","Reviewed in India on 13 April 2022"
"1771222379-65","https://www.amazon.in/product-reviews/B09GH5H2N3/ref=cm_cr_dp_d_show_all_btm?ie=UTF8&reviewerType=all_reviews","Samima rahaman","Just awesome..","Best keema","5.0 out of 5 stars","Verified Purchase","Reviewed in India on 8 January 2022"
"1771222379-66","https://www.amazon.in/product-reviews/B09GH5H2N3/ref=cm_cr_dp_d_show_all_btm?ie=UTF8&reviewerType=all_reviews","Pratap","Not good","Not recommend for non veg lovers it isvery bad taste especially who eat more spicy","1.0 out of 5 stars","Verified Purchase","Reviewed in India on 17 March 2022"
"1771222379-67","https://www.amazon.in/product-reviews/B09GH5H2N3/ref=cm_cr_dp_d_show_all_btm?ie=UTF8&reviewerType=all_reviews","aditya","too bad","bad flavor, bad smell, bad texture","1.0 out of 5 stars","Verified Purchase","Reviewed in India on 29 March 2023"
"1771222379-68","https://www.amazon.in/product-reviews/B09GH5H2N3/ref=cm_cr_dp_d_show_all_btm?ie=UTF8&reviewerType=all_reviews","nagarjuna","I have Booking 1 burji  and 1 keema kit seller has sending 2packs burji packs","","1.0 out of 5 stars","Verified Purchase","Reviewed in India on 1 August 2023"
"1771222379-69","https://www.amazon.in/product-reviews/B09GH5H2N3/ref=cm_cr_dp_d_show_all_btm?ie=UTF8&reviewerType=all_reviews","Dr. bireswar saha","I didn't like it doesn't taste like mutton or meat.its totally artificial","Flavor doesn't taste like meat.","1.0 out of 5 stars","Verified Purchase","Reviewed in India on 21 June 2022"
"1771222379-70","https://www.amazon.in/product-reviews/B09GH5H2N3/ref=cm_cr_dp_d_show_all_btm?ie=UTF8&reviewerType=all_reviews","neelam pandya","दूर दूर तक मटन का कोई स्वाद नही था,सिर्फ सोयाबीन चंक का स्वाद आ रहा था। 🤮","वेस्ट ऑफ मनी।","1.0 out of 5 stars","Verified Purchase","Reviewed in India on 26 September 2022"
"1771222379-71","https://www.amazon.in/product-reviews/B09GH5H2N3/ref=cm_cr_dp_d_show_all_btm?ie=UTF8&reviewerType=all_reviews","Rakshit Goyal","Pathetic taste","Worst taste ever","1.0 out of 5 stars","Verified Purchase","Reviewed in India on 28 August 2022"
"1771222379-72","https://www.amazon.in/product-reviews/B09GH5H2N3/ref=cm_cr_dp_d_show_all_btm?ie=UTF8&reviewerType=all_reviews","Chittaranjan thakur","Don’t buy waste of money take 10 rs soya chunks and boiled it","Soya scam","1.0 out of 5 stars","Verified Purchase","Reviewed in India on 14 July 2022"
"1771222379-73","https://www.amazon.in/product-reviews/B09GH5H2N3/ref=cm_cr_dp_d_show_all_btm?ie=UTF8&reviewerType=all_reviews","srikanta kumar patra","High price low quality","Bad","1.0 out of 5 stars","Verified Purchase","Reviewed in India on 19 August 2022"
"1771222379-74","https://www.amazon.in/product-reviews/B09GH5H2N3/ref=cm_cr_dp_d_show_all_btm?ie=UTF8&reviewerType=all_reviews","Swaraj Palekar","Worst to eat","Worst taste","1.0 out of 5 stars","Verified Purchase","Reviewed in India on 3 July 2022"
"1771222379-75","https://www.amazon.in/product-reviews/B09GH5H2N3/ref=cm_cr_dp_d_show_all_btm?ie=UTF8&reviewerType=all_reviews","8003010005","koe kam ka nhi hai","taste like hai shut","1.0 out of 5 stars","Verified Purchase","Reviewed in India on 11 April 2022"
"1771222379-76","https://www.amazon.in/product-reviews/B09GH5H2N3/ref=cm_cr_dp_d_show_all_btm?ie=UTF8&reviewerType=all_reviews","rajnikant/Harsha","Useless product","No taste. Waste of money","1.0 out of 5 stars","Verified Purchase","Reviewed in India on 20 January 2022"
"1771222379-77","https://www.amazon.in/product-reviews/B09GH5H2N3/ref=cm_cr_dp_d_show_all_btm?ie=UTF8&reviewerType=all_reviews","Parag","Not good","Not good","1.0 out of 5 stars","Verified Purchase","Reviewed in India on 9 January 2022"
"1771222379-78","https://www.amazon.in/product-reviews/B09GH5H2N3/ref=cm_cr_dp_d_show_all_btm?ie=UTF8&reviewerType=all_reviews","Nimit Singh","Turned Vegetarian a month back and this Unmutton Keema is my reward.","After eating nonvegetarian food all my life (once or twice every week), I turned vegetarian in March'22. Got to know about GoodDot just a few days back and decided to give it a try. I have ordered their Noodles, Vegicken kit and Proteiz along with Unmutton Keema kit.

For keema the preparation was super easy. I followed each step as mentioned on the pack. It literally tastes like Mutton. Only thing was that the aftertaste gave it away but a very good product nonetheless. I highly recommend it.","5.0 out of 5 stars","","Reviewed in India on 16 April 2022"
"1771222379-79","https://www.amazon.in/product-reviews/B09GH5H2N3/ref=cm_cr_dp_d_show_all_btm?ie=UTF8&reviewerType=all_reviews","Dushyant yadav","Exactly lik keeeeema!","Amazing love it! Can't believe they matched the taste by just using plants!!! Finally a meat I can eat without the guilt of killing a being!","4.0 out of 5 stars","","Reviewed in India on 24 January 2022"
"1771222379-80","https://www.amazon.in/product-reviews/B09GH5H2N3/ref=cm_cr_dp_d_show_all_btm?ie=UTF8&reviewerType=all_reviews","Anonymous","Unbelievable texture","It tastes very good, it's hard to believe it's not mutton. Totally recommended.
The flavor was quite close to the real keema.","4.0 out of 5 stars","","Reviewed in India on 24 January 2022"
"1771222379-81","https://www.amazon.in/product-reviews/B09GH5H2N3/ref=cm_cr_dp_d_show_all_btm?ie=UTF8&reviewerType=all_reviews","Placeholder","Tasty and yummy!","I did not believe it but then a friend made me taste it and now I can say that it is really really close to the real thing. Much better when you account for the reduction in animal cruelty and pollution by animal meat.","5.0 out of 5 stars","","Reviewed in India on 24 January 2022"
"1771222379-82","https://www.amazon.in/product-reviews/B09GH5H2N3/ref=cm_cr_dp_d_show_all_btm?ie=UTF8&reviewerType=all_reviews","Merugu Nakesh","మటన్ కిమలగే ఉంది","చాల బాగుంది డబ్బులు సరిపోయే విధంగా ఉంది టేస్ట్ మంచిగ ఉంది మటన్ అంటే నమ్మే విధంగా ఉంది అందరు వాడి చూడండి ఒక్క సారి తింటే మల్లి తినాలి అనిపిస్తుంది","5.0 out of 5 stars","","Reviewed in India on 26 February 2022"
"1771222379-83","https://www.amazon.in/product-reviews/B09GH5H2N3/ref=cm_cr_dp_d_show_all_btm?ie=UTF8&reviewerType=all_reviews","Anoop verma","Taste is awesome","Very close to real meat...taste is very good and I just love this unmutton keema kit.... Must buy this product.","5.0 out of 5 stars","","Reviewed in India on 4 April 2022"
"1771222379-84","https://www.amazon.in/product-reviews/B09GH5H2N3/ref=cm_cr_dp_d_show_all_btm?ie=UTF8&reviewerType=all_reviews","Ashutosh","The best alternative in the market","As real as it gets minus the guilt. My non veg friend's didn't even realised this is plant based till I told them.","5.0 out of 5 stars","","Reviewed in India on 17 February 2022"
"1771222379-85","https://www.amazon.in/product-reviews/B09GH5H2N3/ref=cm_cr_dp_d_show_all_btm?ie=UTF8&reviewerType=all_reviews","Rhythm Jain","Loved it!!!!!","I tasted it during a marathon in Jaipur, it was yummy and made me come and post a review here. 10/10 would buy again.","5.0 out of 5 stars","","Reviewed in India on 24 January 2022"
"1771222379-86","https://www.amazon.in/product-reviews/B09GH5H2N3/ref=cm_cr_dp_d_show_all_btm?ie=UTF8&reviewerType=all_reviews","Chitransh saxena","Real vegan or not","No animal killed for our taste,,, so that's good

Good for money,,, don't eat death body, eat safe products ।","5.0 out of 5 stars","","Reviewed in India on 10 February 2022"
"1771222379-87","https://www.amazon.in/product-reviews/B09GH5H2N3/ref=cm_cr_dp_d_show_all_btm?ie=UTF8&reviewerType=all_reviews","JK","This. Is. Not. Keema.","It's just soya coupled with a very spicy tastemaker. The end product upon following the box's recipe did not taste good.","1.0 out of 5 stars","","Reviewed in India on 16 October 2022"
"1771222379-88","https://www.amazon.in/product-reviews/B09GH5H2N3/ref=cm_cr_dp_d_show_all_btm?ie=UTF8&reviewerType=all_reviews","karni rathore","Disappointed!!","The smell is unbearable right when you start boiling the granules. And the gravy is very oily. It will taste good for 1 or 2 bites but after that you’ll think of throwing it.","1.0 out of 5 stars","","Reviewed in India on 29 May 2022"
"1771222379-89","https://www.amazon.in/product-reviews/B09GH5H2N3/ref=cm_cr_dp_d_show_all_btm?ie=UTF8&reviewerType=all_reviews","Ajay","The best .","The best keema ever, even better than the real keema , review by my non vegetarian friends. I loved it","5.0 out of 5 stars","Verified Purchase","Reviewed in India on 7 November 2021"
"1771222379-90","https://www.amazon.in/product-reviews/B09GH5H2N3/ref=cm_cr_dp_d_show_all_btm?ie=UTF8&reviewerType=all_reviews","Adhya nagpal","Testy","Healthy keema","5.0 out of 5 stars","Verified Purchase","Reviewed in India on 21 March 2022"
"1771222379-91","https://www.amazon.in/product-reviews/B09GH5H2N3/ref=cm_cr_dp_d_show_all_btm?ie=UTF8&reviewerType=all_reviews","Aditya Bhattacharya","Very good. tastes exactly like Muton Keema. Cant tell any difference.","Very good. tastes exactly like Muton Keema. Cant tell any difference. Perfect for 2-3 people.","5.0 out of 5 stars","Verified Purchase","Reviewed in India on 19 November 2021"
"1771222379-92","https://www.amazon.in/product-reviews/B09GH5H2N3/ref=cm_cr_dp_d_show_all_btm?ie=UTF8&reviewerType=all_reviews","Nandini srivastava","Unmotton Keema","Veg unmotton Keema
Verry testy and used good ingredients","5.0 out of 5 stars","Verified Purchase","Reviewed in India on 10 March 2022"
"1771222379-93","https://www.amazon.in/product-reviews/B09GH5H2N3/ref=cm_cr_dp_d_show_all_btm?ie=UTF8&reviewerType=all_reviews","Jiwan vatsi","Testy unmotton kheema","Authentic","5.0 out of 5 stars","Verified Purchase","Reviewed in India on 22 March 2022"
"1771222379-94","https://www.amazon.in/product-reviews/B09GH5H2N3/ref=cm_cr_dp_d_show_all_btm?ie=UTF8&reviewerType=all_reviews","Punit sahu","Delicious keema","Delicious keema. The aroma, look and taste are very nearest to real mutton. I will try this more frequently as I have become vegetarian.","5.0 out of 5 stars","","Reviewed in India on 4 April 2022"
"1771222379-95","https://www.amazon.in/product-reviews/B09GH5H2N3/ref=cm_cr_dp_d_show_all_btm?ie=UTF8&reviewerType=all_reviews","Tanjia biswa","Unmotton kheema","Superb test","5.0 out of 5 stars","Verified Purchase","Reviewed in India on 21 March 2022"
"1771222379-96","https://www.amazon.in/product-reviews/B09GH5H2N3/ref=cm_cr_dp_d_show_all_btm?ie=UTF8&reviewerType=all_reviews","Manoj Mekala","Good alternative for Keema.","Descent taste. Felt like 80% eating Keena.","5.0 out of 5 stars","Verified Purchase","Reviewed in India on 20 November 2021"
"1771222379-97","https://www.amazon.in/product-reviews/B09GH5H2N3/ref=cm_cr_dp_d_show_all_btm?ie=UTF8&reviewerType=all_reviews","Lavina D souza","awsome test","5 star product","5.0 out of 5 stars","Verified Purchase","Reviewed in India on 4 March 2022"
"1771222379-98","https://www.amazon.in/product-reviews/B09GH5H2N3/ref=cm_cr_dp_d_show_all_btm?ie=UTF8&reviewerType=all_reviews","Harsha P.","Tastes great but expensive","The best vegan / mock-meat product from this company. Tastes real nice but is expensive as you can see.","5.0 out of 5 stars","Verified Purchase","Reviewed in India on 26 October 2022"
"1771222379-99","https://www.amazon.in/product-reviews/B09GH5H2N3/ref=cm_cr_dp_d_show_all_btm?ie=UTF8&reviewerType=all_reviews","Anonymous","Yummy with Pav/Paratha!","It an exceptional idea executed to the best. Plant based yummy keema! Will add pictures later, but if you have tried jackfruit/other brands mock meat and didn’t like it! This should be your best bet!","5.0 out of 5 stars","","Reviewed in India on 24 October 2021"
"1771222379-100","https://www.amazon.in/product-reviews/B09GH5H2N3/ref=cm_cr_dp_d_show_all_btm?ie=UTF8&reviewerType=all_reviews","Ajay","The best .","The best keema ever, even better than the real keema , review by my non vegetarian friends. I loved it","5.0 out of 5 stars","Verified Purchase","Reviewed in India on 7 November 2021"
"1771222437-101","https://www.amazon.in/product-reviews/B07CVD61BZ/ref=cm_cr_dp_d_show_all_btm?ie=UTF8&reviewerType=all_reviews","Surabhi","Genuine.","This product seems to be genuine. Tastes and smells like actual soya , and not maida. I have ordered couple of times and will continue using it. Value for money.","5.0 out of 5 stars","Verified Purchase","Reviewed in India on 27 January 2025"
"1771222437-102","https://www.amazon.in/product-reviews/B07CVD61BZ/ref=cm_cr_dp_d_show_all_btm?ie=UTF8&reviewerType=all_reviews","Rakesh G","Good product. Problem with Amazon's packaging process.","Taste was good. Got 9 pieces in one box and 10 in another. Little tough to take them out of the box, as pieces are cramply fitted. Use tongs to take out middle piece first.

Little confusion on date of manufacturing, as on the box, date printed was May, 2019 while on the sticker pasted by Amazon on the lid was showing Mfg date as May 2018. I considered Amazon's date as misprint. But Amazon should look into the matter, as there shouldn't be any compromise on quality when it comes to food. Taken out one star for this goofup.","4.0 out of 5 stars","Verified Purchase","Reviewed in India on 26 May 2019"
"1771222437-103","https://www.amazon.in/product-reviews/B07CVD61BZ/ref=cm_cr_dp_d_show_all_btm?ie=UTF8&reviewerType=all_reviews","Tejas. N. Suvarna","Amazing quality","I had never tasted soya chap before. This was my very first product and it was awesome.

I googled Malai soya chap recipe and prepared it, it was amazing. Just loved it. Do try it, and it tastes really good when fried. A little like chicken (little bit).","5.0 out of 5 stars","Verified Purchase","Reviewed in India on 30 September 2022"
"1771222437-104","https://www.amazon.in/product-reviews/B07CVD61BZ/ref=cm_cr_dp_d_show_all_btm?ie=UTF8&reviewerType=all_reviews","A","The solution was filled only one fourth of the container","The solution in the container was not filled till top. Also the pieces were a bit tight.","3.0 out of 5 stars","Verified Purchase","Reviewed in India on 18 November 2025"
"1771222437-105","https://www.amazon.in/product-reviews/B07CVD61BZ/ref=cm_cr_dp_d_show_all_btm?ie=UTF8&reviewerType=all_reviews","Sandalwoods","A must buy for soya chaap lovers!","Was a bit skeptical to buy this since I’ve never ordered food online because I live in a remote area, but this came well packaged in 2 days and it’s mfd was March 2020. The quality amazed me!! It was extremely soft; way softer than what you get in restaurants and quantity was sufficient too (8-9 huge pieces). However I’d suggest that once you open it, rather than storing it make 1-2 dishes out of it in one go.
Will definitely definitely buy again! Won’t have to buy ready made soya chaap dishes from outside anymore 😁","5.0 out of 5 stars","Verified Purchase","Reviewed in India on 15 July 2020"
"1771222437-106","https://www.amazon.in/product-reviews/B07CVD61BZ/ref=cm_cr_dp_d_show_all_btm?ie=UTF8&reviewerType=all_reviews","Placeholder","Cheap quality product.","Doesn't taste well. Doesn't justify price. Price too high. It is below Rs. 100 product price.","1.0 out of 5 stars","Verified Purchase","Reviewed in India on 6 October 2024"
"1771222437-107","https://www.amazon.in/product-reviews/B07CVD61BZ/ref=cm_cr_dp_d_show_all_btm?ie=UTF8&reviewerType=all_reviews","Anurag Sinha","Tasty & Fresh","We really liked this chap and after putting it in curry , it was so tasty and yummy","5.0 out of 5 stars","Verified Purchase","Reviewed in India on 31 May 2023"
"1771222437-108","https://www.amazon.in/product-reviews/B07CVD61BZ/ref=cm_cr_dp_d_show_all_btm?ie=UTF8&reviewerType=all_reviews","Nitin Rohilla","Good","Fresh n good","4.0 out of 5 stars","Verified Purchase","Reviewed in India on 9 July 2024"
"1771222437-109","https://www.amazon.in/product-reviews/B07CVD61BZ/ref=cm_cr_dp_d_show_all_btm?ie=UTF8&reviewerType=all_reviews","Sakshi Sahwal","best soya chaap🤩","i made soya chaap masala and it turned out perfect and so yummy.
 Although i request them to give some discount. anyways its one of the fresh packed soya chaap i ever tried, my recipe is on my youtube channel.
it even tastes good if you just fry them, yup they are that good. 8 chaaps come in this pack, enjoy.  🙂","4.0 out of 5 stars","Verified Purchase","Reviewed in India on 7 July 2020"
"1771222437-110","https://www.amazon.in/product-reviews/B07CVD61BZ/ref=cm_cr_dp_d_show_all_btm?ie=UTF8&reviewerType=all_reviews","Rohini khanna","Chaap","Tasty","5.0 out of 5 stars","Verified Purchase","Reviewed in India on 24 March 2025"
"1771222437-111","https://www.amazon.in/product-reviews/B07CVD61BZ/ref=cm_cr_dp_d_show_all_btm?ie=UTF8&reviewerType=all_reviews","Tarun s.","Not same as shown in picture","Earlier to this I have ordered the same cheaper than this but packing was new and delicious too
But now with higher value old product not as soft as it was earlier","2.0 out of 5 stars","Verified Purchase","Reviewed in India on 12 October 2024"
"1771222437-112","https://www.amazon.in/product-reviews/B07CVD61BZ/ref=cm_cr_dp_d_show_all_btm?ie=UTF8&reviewerType=all_reviews","Meenakshi","Test","Was not so good test","2.0 out of 5 stars","Verified Purchase","Reviewed in India on 22 February 2025"
"1771222437-113","https://www.amazon.in/product-reviews/B07CVD61BZ/ref=cm_cr_dp_d_show_all_btm?ie=UTF8&reviewerType=all_reviews","Amazon Customer","Its tricky to prepare","You should use it in stir fry kind of recipe and never use a wet marinade. I used yogurt and it was disastrous. with part of it i made a grave dish that also wasnt good. But Ive understood how to make it now. If you use a light dry marinade, fry, cut up and then add to a stir fry type of dish, it should be good.","3.0 out of 5 stars","Verified Purchase","Reviewed in India on 16 October 2020"
"1771222437-114","https://www.amazon.in/product-reviews/B07CVD61BZ/ref=cm_cr_dp_d_show_all_btm?ie=UTF8&reviewerType=all_reviews","Placeholder","Very nice","Soya chap is really nice and tender.. It's so good must try.","4.0 out of 5 stars","Verified Purchase","Reviewed in India on 30 May 2023"
"1771222437-115","https://www.amazon.in/product-reviews/B07CVD61BZ/ref=cm_cr_dp_d_show_all_btm?ie=UTF8&reviewerType=all_reviews","Vikas","Delicious soya chaps (check a note below)","Important note: Need to consume it on the same day of opening.
Nice product, preservatives free.","4.0 out of 5 stars","Verified Purchase","Reviewed in India on 26 February 2023"
"1771222437-116","https://www.amazon.in/product-reviews/B07CVD61BZ/ref=cm_cr_dp_d_show_all_btm?ie=UTF8&reviewerType=all_reviews","nayan mipun","Very good for vegan eating, though too pricy","Thank you for this food products, good for healthy vegan eating, price is too much for regular eating, but otherwise good healthy eating products","4.0 out of 5 stars","Verified Purchase","Reviewed in India on 28 October 2022"
"1771222437-117","https://www.amazon.in/product-reviews/B07CVD61BZ/ref=cm_cr_dp_d_show_all_btm?ie=UTF8&reviewerType=all_reviews","saha bahadur biswokarna","very good quality","Thanks urban plater.This soya chap is really good quality.","4.0 out of 5 stars","Verified Purchase","Reviewed in India on 1 June 2023"
"1771222437-118","https://www.amazon.in/product-reviews/B07CVD61BZ/ref=cm_cr_dp_d_show_all_btm?ie=UTF8&reviewerType=all_reviews","Subhro","Product is good","U can give it a try, juz for reciepe look in you tube","4.0 out of 5 stars","Verified Purchase","Reviewed in India on 15 March 2023"
"1771222437-119","https://www.amazon.in/product-reviews/B07CVD61BZ/ref=cm_cr_dp_d_show_all_btm?ie=UTF8&reviewerType=all_reviews","pradeep kumar rajput","Accha hai","Healthy hai they never use refined flour maida good source of protein","5.0 out of 5 stars","Verified Purchase","Reviewed in India on 9 August 2024"
"1771222437-120","https://www.amazon.in/product-reviews/B07CVD61BZ/ref=cm_cr_dp_d_show_all_btm?ie=UTF8&reviewerType=all_reviews","milind patil","Good Quality","Good quality","4.0 out of 5 stars","Verified Purchase","Reviewed in India on 30 June 2023"
"1771222437-121","https://www.amazon.in/product-reviews/B07CVD61BZ/ref=cm_cr_dp_d_show_all_btm?ie=UTF8&reviewerType=all_reviews","Animesh ghosh","Product quality","Good","4.0 out of 5 stars","Verified Purchase","Reviewed in India on 12 June 2023"
"1771222437-122","https://www.amazon.in/product-reviews/B07CVD61BZ/ref=cm_cr_dp_d_show_all_btm?ie=UTF8&reviewerType=all_reviews","Ch.Raju","Good","It was nice but I ordered two cans and both of these cans are bend.","4.0 out of 5 stars","Verified Purchase","Reviewed in India on 2 April 2022"
"1771222437-123","https://www.amazon.in/product-reviews/B07CVD61BZ/ref=cm_cr_dp_d_show_all_btm?ie=UTF8&reviewerType=all_reviews","Arjun Gupta","Best quality products","Very good taste","4.0 out of 5 stars","Verified Purchase","Reviewed in India on 4 November 2022"
"1771222437-124","https://www.amazon.in/product-reviews/B07CVD61BZ/ref=cm_cr_dp_d_show_all_btm?ie=UTF8&reviewerType=all_reviews","O","Bad","Did not like it","2.0 out of 5 stars","Verified Purchase","Reviewed in India on 19 May 2024"
"1771222437-125","https://www.amazon.in/product-reviews/B07CVD61BZ/ref=cm_cr_dp_d_show_all_btm?ie=UTF8&reviewerType=all_reviews","Very nice book","Good taste","Good","5.0 out of 5 stars","Verified Purchase","Reviewed in India on 17 March 2024"
"1771222437-126","https://www.amazon.in/product-reviews/B07CVD61BZ/ref=cm_cr_dp_d_show_all_btm?ie=UTF8&reviewerType=all_reviews","Banurajan","Too soft all mixed u could not take from tin box😠","Couldn't take from tin box.package also damaged","3.0 out of 5 stars","Verified Purchase","Reviewed in India on 17 April 2022"
"1771222437-127","https://www.amazon.in/product-reviews/B07CVD61BZ/ref=cm_cr_dp_d_show_all_btm?ie=UTF8&reviewerType=all_reviews","SHIVAM V.","everything is nice but they ask for too much , but the real worth of product is not that much","not worth money","4.0 out of 5 stars","Verified Purchase","Reviewed in India on 13 February 2022"
"1771222437-128","https://www.amazon.in/product-reviews/B07CVD61BZ/ref=cm_cr_dp_d_show_all_btm?ie=UTF8&reviewerType=all_reviews","Deepika","Good quality","Nice flavour, texture","4.0 out of 5 stars","Verified Purchase","Reviewed in India on 11 February 2022"
"1771222437-129","https://www.amazon.in/product-reviews/B07CVD61BZ/ref=cm_cr_dp_d_show_all_btm?ie=UTF8&reviewerType=all_reviews","Prashant","Costly","Very costly quality vise","3.0 out of 5 stars","Verified Purchase","Reviewed in India on 12 June 2022"
"1771222437-130","https://www.amazon.in/product-reviews/B07CVD61BZ/ref=cm_cr_dp_d_show_all_btm?ie=UTF8&reviewerType=all_reviews","AGG","Nice product","It's really nice. Value for money","5.0 out of 5 stars","Verified Purchase","Reviewed in India on 5 October 2023"
"1771222437-131","https://www.amazon.in/product-reviews/B07CVD61BZ/ref=cm_cr_dp_d_show_all_btm?ie=UTF8&reviewerType=all_reviews","Dr sanjay godara","Awwsome","I left nonveg but start soya chaap","4.0 out of 5 stars","Verified Purchase","Reviewed in India on 6 June 2021"
"1771222437-132","https://www.amazon.in/product-reviews/B07CVD61BZ/ref=cm_cr_dp_d_show_all_btm?ie=UTF8&reviewerType=all_reviews","Khushbu Kejriwal","Nice","It is good product..tastes good.. Made tandoori chaap took no tym to cook.. Happy","4.0 out of 5 stars","Verified Purchase","Reviewed in India on 26 July 2020"
"1771222437-133","https://www.amazon.in/product-reviews/B07CVD61BZ/ref=cm_cr_dp_d_show_all_btm?ie=UTF8&reviewerType=all_reviews","Kausik M.","Good and healthy product. Good and hygenic packaging.","Fresh healthy hygenic. You can induce it to any kind of flavour. Can be cooked easily at home.","5.0 out of 5 stars","Verified Purchase","Reviewed in India on 25 September 2022"
"1771222437-134","https://www.amazon.in/product-reviews/B07CVD61BZ/ref=cm_cr_dp_d_show_all_btm?ie=UTF8&reviewerType=all_reviews","tsuresh k.","Item is OK but does not come with the mas9","This item should come along with the masala needed for cooking it6","3.0 out of 5 stars","Verified Purchase","Reviewed in India on 30 April 2021"
"1771222437-135","https://www.amazon.in/product-reviews/B07CVD61BZ/ref=cm_cr_dp_d_show_all_btm?ie=UTF8&reviewerType=all_reviews","Tarvinder Kaur","I've received broken jars","Being a prime member and receiving product broken is so painful 💔","5.0 out of 5 stars","Verified Purchase","Reviewed in India on 13 February 2023"
"1771222437-136","https://www.amazon.in/product-reviews/B07CVD61BZ/ref=cm_cr_dp_d_show_all_btm?ie=UTF8&reviewerType=all_reviews","Abhishek R Goyal","Excellent Taste and value for money.","Great Taste and texture. Its not like chicken or any meat. those who have tasted commercial soya chaap will be able to understand that this is a product in the same range.
Soft and succulent when cooked and can be grilled also.
The quantity is also quite good.
Have ordered this multiple times!!","5.0 out of 5 stars","Verified Purchase","Reviewed in India on 24 January 2019"
"1771222437-137","https://www.amazon.in/product-reviews/B07CVD61BZ/ref=cm_cr_dp_d_show_all_btm?ie=UTF8&reviewerType=all_reviews","Preeti Chhabria","Good experience","Loved the texture and the softness , the final products of grilled soya chaap is so juicy and fingerlicking good","5.0 out of 5 stars","Verified Purchase","Reviewed in India on 18 February 2022"
"1771222437-138","https://www.amazon.in/product-reviews/B07CVD61BZ/ref=cm_cr_dp_d_show_all_btm?ie=UTF8&reviewerType=all_reviews","Rish","9 in number","Ok product not too great","3.0 out of 5 stars","Verified Purchase","Reviewed in India on 30 November 2021"
"1771222437-139","https://www.amazon.in/product-reviews/B07CVD61BZ/ref=cm_cr_dp_d_show_all_btm?ie=UTF8&reviewerType=all_reviews","Anshul Kalra","LOVE IT!","It is very soft, chewable and fresh, love the quality of soya used in this","5.0 out of 5 stars","Verified Purchase","Reviewed in India on 29 July 2022"
"1771222437-140","https://www.amazon.in/product-reviews/B07CVD61BZ/ref=cm_cr_dp_d_show_all_btm?ie=UTF8&reviewerType=all_reviews","Palak Jethani","Tampered containers. Sharp bends, I wish the soya chaap is not affected much inside","","4.0 out of 5 stars","Verified Purchase","Reviewed in India on 19 August 2021"
"1771222437-141","https://www.amazon.in/product-reviews/B07CVD61BZ/ref=cm_cr_dp_d_show_all_btm?ie=UTF8&reviewerType=all_reviews","Sonam Chauhan","Costly","Costly","3.0 out of 5 stars","Verified Purchase","Reviewed in India on 18 April 2022"
"1771222437-142","https://www.amazon.in/product-reviews/B07CVD61BZ/ref=cm_cr_dp_d_show_all_btm?ie=UTF8&reviewerType=all_reviews","Sagnik Chatterjee","Perfect Soya chaap","Nice and tasty product. I think it's one of the best soya chaap in the market as of today.","5.0 out of 5 stars","Verified Purchase","Reviewed in India on 21 January 2022"
"1771222437-143","https://www.amazon.in/product-reviews/B07CVD61BZ/ref=cm_cr_dp_d_show_all_btm?ie=UTF8&reviewerType=all_reviews","Saurav","Good taste will pull a hole in your pocket.","It's a genuinely SOYA CHAAP. But the price isn't worth. In ₹150, you get Soya chaap sticks worth 1kg. So the price seems to fool the consumer. Doesn't help for 500gms. Actually the product is 500 GM's else Brine is about 300 gms.","5.0 out of 5 stars","Verified Purchase","Reviewed in India on 23 August 2019"
"1771222437-144","https://www.amazon.in/product-reviews/B07CVD61BZ/ref=cm_cr_dp_d_show_all_btm?ie=UTF8&reviewerType=all_reviews","Rajat Seth","A real soya chap made of soya bean.","Best soya m chap in market a real taste of soya and very soft.","5.0 out of 5 stars","Verified Purchase","Reviewed in India on 26 July 2022"
"1771222437-145","https://www.amazon.in/product-reviews/B07CVD61BZ/ref=cm_cr_dp_d_show_all_btm?ie=UTF8&reviewerType=all_reviews","Arghya Nath","IT DOESN'T HAVE MAIDA IT HAS ATTA.","VERY POOR PRODUCT NEITHER IT HAS TASTE OR FLAVOUR.TOTALL LOL PRODUCT PRICE IS TOO HIGH FOR SOYABEAN  CHUNKS AND ATTA","2.0 out of 5 stars","Verified Purchase","Reviewed in India on 24 August 2022"
"1771222437-146","https://www.amazon.in/product-reviews/B07CVD61BZ/ref=cm_cr_dp_d_show_all_btm?ie=UTF8&reviewerType=all_reviews","Sam Ahmad","Very Good quality product","Good quality product I'm very much setisfied with the taste and flavour. Must buy product","4.0 out of 5 stars","Verified Purchase","Reviewed in India on 11 September 2019"
"1771222437-147","https://www.amazon.in/product-reviews/B07CVD61BZ/ref=cm_cr_dp_d_show_all_btm?ie=UTF8&reviewerType=all_reviews","Ravi","Nice","Nice","4.0 out of 5 stars","Verified Purchase","Reviewed in India on 18 August 2021"
"1771222437-148","https://www.amazon.in/product-reviews/B07CVD61BZ/ref=cm_cr_dp_d_show_all_btm?ie=UTF8&reviewerType=all_reviews","atul jain","Pue soya","While eating you feel the difference
It tastes great but price is too high","5.0 out of 5 stars","Verified Purchase","Reviewed in India on 1 July 2022"
"1771222437-149","https://www.amazon.in/product-reviews/B07CVD61BZ/ref=cm_cr_dp_d_show_all_btm?ie=UTF8&reviewerType=all_reviews","Soumendra","Taste like floor with little bit soya...","By packing it looks good. But taste is poor, it seems you are eating maida/floor with little bit soya. Manufacturer should first taste their product if it actually taste soya chaap !!!","2.0 out of 5 stars","Verified Purchase","Reviewed in India on 31 July 2021"
"1771222437-150","https://www.amazon.in/product-reviews/B07CVD61BZ/ref=cm_cr_dp_d_show_all_btm?ie=UTF8&reviewerType=all_reviews","Ravi","Worst","","1.0 out of 5 stars","Verified Purchase","Reviewed in India on 23 August 2023"
"1771222437-151","https://www.amazon.in/product-reviews/B07CVD61BZ/ref=cm_cr_dp_d_show_all_btm?ie=UTF8&reviewerType=all_reviews","Bahut hi ghatiya quality","Kulity","Bahut hi ghatiya quality hai","1.0 out of 5 stars","Verified Purchase","Reviewed in India on 27 October 2024"
"1771222437-152","https://www.amazon.in/product-reviews/B07CVD61BZ/ref=cm_cr_dp_d_show_all_btm?ie=UTF8&reviewerType=all_reviews","Anil Yadav","No best desi treats is best","It’s not good","2.0 out of 5 stars","Verified Purchase","Reviewed in India on 9 January 2023"
"1771222437-153","https://www.amazon.in/product-reviews/B07CVD61BZ/ref=cm_cr_dp_d_show_all_btm?ie=UTF8&reviewerType=all_reviews","Preeti Ajit Saharan","Yummy","Good taste","5.0 out of 5 stars","Verified Purchase","Reviewed in India on 8 April 2023"
"1771222437-154","https://www.amazon.in/product-reviews/B07CVD61BZ/ref=cm_cr_dp_d_show_all_btm?ie=UTF8&reviewerType=all_reviews","Amazon Customer","Value for money","Food was preserved well and tasted good.","4.0 out of 5 stars","Verified Purchase","Reviewed in India on 25 January 2020"
"1771222437-155","https://www.amazon.in/product-reviews/B07CVD61BZ/ref=cm_cr_dp_d_show_all_btm?ie=UTF8&reviewerType=all_reviews","Naman","Amazing","It's the best chaap I have ever bought!","5.0 out of 5 stars","Verified Purchase","Reviewed in India on 28 June 2022"
"1771222437-156","https://www.amazon.in/product-reviews/B07CVD61BZ/ref=cm_cr_dp_d_show_all_btm?ie=UTF8&reviewerType=all_reviews","Ingrid T","Great choice not to eat meat","Happy to get mock food now in India","4.0 out of 5 stars","Verified Purchase","Reviewed in India on 16 November 2019"
"1771222437-157","https://www.amazon.in/product-reviews/B07CVD61BZ/ref=cm_cr_dp_d_show_all_btm?ie=UTF8&reviewerType=all_reviews","pradeep kumar","Nice","Nice","5.0 out of 5 stars","Verified Purchase","Reviewed in India on 19 January 2023"
"1771222437-158","https://www.amazon.in/product-reviews/B07CVD61BZ/ref=cm_cr_dp_d_show_all_btm?ie=UTF8&reviewerType=all_reviews","KumarP","GOOD QUALITY AND EXCELLENT PACKING","Soft and good in taste. Much better than the dry ones which one is required to boil.","5.0 out of 5 stars","Verified Purchase","Reviewed in India on 24 March 2021"
"1771222437-159","https://www.amazon.in/product-reviews/B07CVD61BZ/ref=cm_cr_dp_d_show_all_btm?ie=UTF8&reviewerType=all_reviews","Sapan Das","EXCELLENT","EXCELLENT","5.0 out of 5 stars","Verified Purchase","Reviewed in India on 27 February 2023"
"1771222437-160","https://www.amazon.in/product-reviews/B07CVD61BZ/ref=cm_cr_dp_d_show_all_btm?ie=UTF8&reviewerType=all_reviews","Yashwanth","Best in quality","Best in quality. But it comes in brine solution. So wash thoroughly before using.","5.0 out of 5 stars","Verified Purchase","Reviewed in India on 28 June 2021"
"1771222437-161","https://www.amazon.in/product-reviews/B07CVD61BZ/ref=cm_cr_dp_d_show_all_btm?ie=UTF8&reviewerType=all_reviews","Rohit","Very delicious and easy to cook.","The nutriton area on the box says ""18 Kcal"" per 100g, which seems very erroneous. Very unprofessional from a reputed brand like Urban Platter. The taste is excellent and I loved it. Will definitely order again.","2.0 out of 5 stars","Verified Purchase","Reviewed in India on 1 November 2019"
"1771222437-162","https://www.amazon.in/product-reviews/B07CVD61BZ/ref=cm_cr_dp_d_show_all_btm?ie=UTF8&reviewerType=all_reviews","Sachin J.","I will buy again and again","It was fresh, soft and tasty… I found best place order chaap","5.0 out of 5 stars","Verified Purchase","Reviewed in India on 8 September 2021"
"1771222437-163","https://www.amazon.in/product-reviews/B07CVD61BZ/ref=cm_cr_dp_d_show_all_btm?ie=UTF8&reviewerType=all_reviews","Poonam","Just great","My daughter is crazy for soya chops. We have to travel 20km to get them. I made them watching cooking shooking. And they turned yummy. Thanks urban platter and Amazon.","5.0 out of 5 stars","Verified Purchase","Reviewed in India on 13 March 2019"
"1771222437-164","https://www.amazon.in/product-reviews/B07CVD61BZ/ref=cm_cr_dp_d_show_all_btm?ie=UTF8&reviewerType=all_reviews","niks b.","Delish","Only the bad this is it is so difficult to take out the first piece..otherwise the taste is so delish.","5.0 out of 5 stars","Verified Purchase","Reviewed in India on 21 July 2020"
"1771222437-165","https://www.amazon.in/product-reviews/B07CVD61BZ/ref=cm_cr_dp_d_show_all_btm?ie=UTF8&reviewerType=all_reviews","Er. Dimple Kumar","Tasty and soft","Nice product. tasty and soft. much better than local hard sticks.","5.0 out of 5 stars","Verified Purchase","Reviewed in India on 11 September 2021"
"1771222437-166","https://www.amazon.in/product-reviews/B07CVD61BZ/ref=cm_cr_dp_d_show_all_btm?ie=UTF8&reviewerType=all_reviews","Zanaf","Bad","Not tast","1.0 out of 5 stars","Verified Purchase","Reviewed in India on 7 September 2024"
"1771222437-167","https://www.amazon.in/product-reviews/B07CVD61BZ/ref=cm_cr_dp_d_show_all_btm?ie=UTF8&reviewerType=all_reviews","Abhishek Tandon","Delicious","Delicious and value for money. However, handling and delivery is not good.","5.0 out of 5 stars","Verified Purchase","Reviewed in India on 11 June 2021"
"1771222437-168","https://www.amazon.in/product-reviews/B07CVD61BZ/ref=cm_cr_dp_d_show_all_btm?ie=UTF8&reviewerType=all_reviews","Amazon Customer","Please try it","Good packaging.
Great taste, reminds me of soya chaap available in Delhi market.","5.0 out of 5 stars","Verified Purchase","Reviewed in India on 10 April 2021"
"1771222437-169","https://www.amazon.in/product-reviews/B07CVD61BZ/ref=cm_cr_dp_d_show_all_btm?ie=UTF8&reviewerType=all_reviews","Prachi Jena","Value for money...","Very nicely packed and fresh soya chaps...you cook them according to your favourite curry or kabab...","5.0 out of 5 stars","Verified Purchase","Reviewed in India on 11 November 2020"
"1771222437-170","https://www.amazon.in/product-reviews/B07CVD61BZ/ref=cm_cr_dp_d_show_all_btm?ie=UTF8&reviewerType=all_reviews","Tarvinder Kaur","I've never eaten better than this","Worth every penny . Urbam platter is the best. Every product is worth it.","5.0 out of 5 stars","Verified Purchase","Reviewed in India on 13 January 2021"
"1771222437-171","https://www.amazon.in/product-reviews/B07CVD61BZ/ref=cm_cr_dp_d_show_all_btm?ie=UTF8&reviewerType=all_reviews","Vipul","Quality is very good","Very nice taste and quality, go for it.","5.0 out of 5 stars","Verified Purchase","Reviewed in India on 21 September 2021"
"1771222437-172","https://www.amazon.in/product-reviews/B07CVD61BZ/ref=cm_cr_dp_d_show_all_btm?ie=UTF8&reviewerType=all_reviews","Amazon Customer","Excellent","Excellent","5.0 out of 5 stars","Verified Purchase","Reviewed in India on 4 August 2022"
"1771222437-173","https://www.amazon.in/product-reviews/B07CVD61BZ/ref=cm_cr_dp_d_show_all_btm?ie=UTF8&reviewerType=all_reviews","Rakesh N.","Delhi style chaap","This is exactly like the ones you get in delhi.","5.0 out of 5 stars","Verified Purchase","Reviewed in India on 29 May 2021"
"1771222437-174","https://www.amazon.in/product-reviews/B07CVD61BZ/ref=cm_cr_dp_d_show_all_btm?ie=UTF8&reviewerType=all_reviews","pramilanegi","Note so good","Don't like","3.0 out of 5 stars","Verified Purchase","Reviewed in India on 1 March 2020"
"1771222437-175","https://www.amazon.in/product-reviews/B07CVD61BZ/ref=cm_cr_dp_d_show_all_btm?ie=UTF8&reviewerType=all_reviews","Placeholder","No so good but ok","When I had chaap at my friend's home was very different from what I had it now looks like wheat covered 70% and soya covery only  30 %","2.0 out of 5 stars","Verified Purchase","Reviewed in India on 26 June 2018"
"1771222437-176","https://www.amazon.in/product-reviews/B07CVD61BZ/ref=cm_cr_dp_d_show_all_btm?ie=UTF8&reviewerType=all_reviews","Rajeev","Very fresh","Very fresh and soft, there were around 7 pieces were inside can.....","5.0 out of 5 stars","Verified Purchase","Reviewed in India on 17 February 2021"
"1771222437-177","https://www.amazon.in/product-reviews/B07CVD61BZ/ref=cm_cr_dp_d_show_all_btm?ie=UTF8&reviewerType=all_reviews","DIXITA","Great taste","I made tandoori soya chaap, tasted awesome","5.0 out of 5 stars","Verified Purchase","Reviewed in India on 5 October 2021"
"1771222437-178","https://www.amazon.in/product-reviews/B07CVD61BZ/ref=cm_cr_dp_d_show_all_btm?ie=UTF8&reviewerType=all_reviews","Dr. Amit Keshri","Okay product...","Good...","4.0 out of 5 stars","Verified Purchase","Reviewed in India on 20 October 2019"
"1771222437-179","https://www.amazon.in/product-reviews/B07CVD61BZ/ref=cm_cr_dp_d_show_all_btm?ie=UTF8&reviewerType=all_reviews","akshay awasthi","Item packing!!","Tightly packed!! Taking out the chunks was difficult and due to softness it breaks!!","5.0 out of 5 stars","Verified Purchase","Reviewed in India on 5 August 2020"
"1771222437-180","https://www.amazon.in/product-reviews/B07CVD61BZ/ref=cm_cr_dp_d_show_all_btm?ie=UTF8&reviewerType=all_reviews","Yashi","Taste","Too salty","1.0 out of 5 stars","Verified Purchase","Reviewed in India on 8 May 2024"
"1771222437-181","https://www.amazon.in/product-reviews/B07CVD61BZ/ref=cm_cr_dp_d_show_all_btm?ie=UTF8&reviewerType=all_reviews","Moxika nagar","Very nice","Kids like this, and good test","5.0 out of 5 stars","Verified Purchase","Reviewed in India on 20 June 2021"
"1771222437-182","https://www.amazon.in/product-reviews/B07CVD61BZ/ref=cm_cr_dp_d_show_all_btm?ie=UTF8&reviewerType=all_reviews","Ruchi","Must give a try","Very soft and delicate taste","5.0 out of 5 stars","Verified Purchase","Reviewed in India on 24 July 2021"
"1771222437-183","https://www.amazon.in/product-reviews/B07CVD61BZ/ref=cm_cr_dp_d_show_all_btm?ie=UTF8&reviewerType=all_reviews","bhawana","It's awesome","Awesome product. Loved the texture.","5.0 out of 5 stars","Verified Purchase","Reviewed in India on 22 July 2021"
"1771222437-184","https://www.amazon.in/product-reviews/B07CVD61BZ/ref=cm_cr_dp_d_show_all_btm?ie=UTF8&reviewerType=all_reviews","Sangeeta Karwani","Awesome product","Very nice n fresh, very easy to cook, plz go for it","5.0 out of 5 stars","Verified Purchase","Reviewed in India on 23 June 2020"
"1771222437-185","https://www.amazon.in/product-reviews/B07CVD61BZ/ref=cm_cr_dp_d_show_all_btm?ie=UTF8&reviewerType=all_reviews","Ajay Chopra","Amazing","Amazing product which is hard to find","5.0 out of 5 stars","Verified Purchase","Reviewed in India on 18 March 2021"
"1771222437-186","https://www.amazon.in/product-reviews/B07CVD61BZ/ref=cm_cr_dp_d_show_all_btm?ie=UTF8&reviewerType=all_reviews","Basudev Roy","High cost","Price","3.0 out of 5 stars","Verified Purchase","Reviewed in India on 20 April 2019"
"1771222437-187","https://www.amazon.in/product-reviews/B07CVD61BZ/ref=cm_cr_dp_d_show_all_btm?ie=UTF8&reviewerType=all_reviews","Ashish Tambe","Very nice product and quality","Very nice product and quality","5.0 out of 5 stars","Verified Purchase","Reviewed in India on 11 June 2021"
"1771222437-188","https://www.amazon.in/product-reviews/B07CVD61BZ/ref=cm_cr_dp_d_show_all_btm?ie=UTF8&reviewerType=all_reviews","Swati","Good","We all loved it..","5.0 out of 5 stars","Verified Purchase","Reviewed in India on 11 June 2021"
"1771222437-189","https://www.amazon.in/product-reviews/B07CVD61BZ/ref=cm_cr_dp_d_show_all_btm?ie=UTF8&reviewerType=all_reviews","Parul G.","Stop looking elsewhere this is the best chaap","Best soya chap I've bought anywhere so far.","5.0 out of 5 stars","Verified Purchase","Reviewed in India on 2 October 2020"
"1771222437-190","https://www.amazon.in/product-reviews/B07CVD61BZ/ref=cm_cr_dp_d_show_all_btm?ie=UTF8&reviewerType=all_reviews","Mandeep Sodhi","Must buy. Good product","Delicious, tender, fibrious, juicy... Very nice product","5.0 out of 5 stars","Verified Purchase","Reviewed in India on 22 November 2020"
"1771222437-191","https://www.amazon.in/product-reviews/B07CVD61BZ/ref=cm_cr_dp_d_show_all_btm?ie=UTF8&reviewerType=all_reviews","Dhirendra prasad","best product","this is the best soya chaap i have purchased on amazon.soft and juicy","5.0 out of 5 stars","Verified Purchase","Reviewed in India on 7 November 2019"
"1771222437-192","https://www.amazon.in/product-reviews/B07CVD61BZ/ref=cm_cr_dp_d_show_all_btm?ie=UTF8&reviewerType=all_reviews","Anuj","WORTH every penny","Awesome very fresh soya chaap , very juicy and soft go for it best quality product , worth buying","5.0 out of 5 stars","Verified Purchase","Reviewed in India on 31 October 2018"
"1771222437-193","https://www.amazon.in/product-reviews/B07CVD61BZ/ref=cm_cr_dp_d_show_all_btm?ie=UTF8&reviewerType=all_reviews","Kaajal kaisar","Ekdum Jhakas","Product is too good...packed also nicely...fresh and tasty.","5.0 out of 5 stars","Verified Purchase","Reviewed in India on 16 September 2020"
"1771222437-194","https://www.amazon.in/product-reviews/B07CVD61BZ/ref=cm_cr_dp_d_show_all_btm?ie=UTF8&reviewerType=all_reviews","TejaswiniGadekar","Not good taste","I dint like the taste cud be coz of various preservatives it contains","2.0 out of 5 stars","Verified Purchase","Reviewed in India on 22 July 2019"
"1771222437-195","https://www.amazon.in/product-reviews/B07CVD61BZ/ref=cm_cr_dp_d_show_all_btm?ie=UTF8&reviewerType=all_reviews","Dhruv Patel","Soya chap","Good quality","5.0 out of 5 stars","Verified Purchase","Reviewed in India on 28 July 2021"
"1771222437-196","https://www.amazon.in/product-reviews/B07CVD61BZ/ref=cm_cr_dp_d_show_all_btm?ie=UTF8&reviewerType=all_reviews","Aayush Yadav","The can has got fungus inside","","1.0 out of 5 stars","Verified Purchase","Reviewed in India on 18 September 2022"
"1771222437-197","https://www.amazon.in/product-reviews/B07CVD61BZ/ref=cm_cr_dp_d_show_all_btm?ie=UTF8&reviewerType=all_reviews","Naveen","Very good quality. Would recommend","I have been a regular buyer if this. Consuming it for over a year now. Quality is good.","5.0 out of 5 stars","Verified Purchase","Reviewed in India on 3 February 2019"
"1771222437-198","https://www.amazon.in/product-reviews/B07CVD61BZ/ref=cm_cr_dp_d_show_all_btm?ie=UTF8&reviewerType=all_reviews","Nav Kumar choubey","Thank you","Fresh product","5.0 out of 5 stars","Verified Purchase","Reviewed in India on 30 June 2021"
"1771222437-199","https://www.amazon.in/product-reviews/B07CVD61BZ/ref=cm_cr_dp_d_show_all_btm?ie=UTF8&reviewerType=all_reviews","Varsha bhasin","Don't but","Did not taste that good","2.0 out of 5 stars","Verified Purchase","Reviewed in India on 22 October 2020"
"1771222437-200","https://www.amazon.in/product-reviews/B07CVD61BZ/ref=cm_cr_dp_d_show_all_btm?ie=UTF8&reviewerType=all_reviews","tanushri  adhikary","Nice product","Nice packaging.... and yummy taste ......","5.0 out of 5 stars","Verified Purchase","Reviewed in India on 1 September 2020"
